Product_ID,Product_Name,Category,Price
1,him,Home,411
2,why,Electronics,333
3,strategy,Home,645
4,interview,,290
5,though,Electronics,1738
6,process,Electronics,1449
7,charge,Home,1177
8,understand,Clothing,1585
9,number,Clothing,1868
10,what,Home,243
11,again,Clothing,1050
12,place,Electronics,223
13,out,Beauty,456
14,onto,Clothing,413
15,same,Clothing,1517
16,stay,Electronics,249
17,outside,Clothing,295
18,tend,Home,417
19,open,Beauty,777
20,once,Electronics,1344
21,contain,Clothing,850
22,west,Clothing,842
23,now,Clothing,1541
24,affect,Beauty,976
25,left,Electronics,277
26,effort,Clothing,631
27,student,Electronics,145
28,really,Beauty,991
29,fear,Clothing,1379
30,feel,Beauty,542
31,father,Beauty,900
32,type,,1753
33,well,Home,602
34,hope,Home,100
35,support,Electronics,992
36,movie,Electronics,1017
37,because,Electronics,1990
38,east,,506
39,check,Home,1190
40,themselves,Beauty,510
41,place,Home,544
42,town,Beauty,802
43,difficult,Home,1903
44,friend,Home,517
45,item,Beauty,897
46,population,Home,1418
47,truth,Electronics,706
48,general,Home,338
49,account,Electronics,802
50,money,Home,1012
21,contain,Clothing,850
